timestamp,model,question,total_steps,total_agent_time_s,notebook_runtime_s,input_tokens,output_tokens,answer
2025-11-12T16:31:17.840651,minimax/minimax-m2,What are the unique set of merchants in the payments data?,8,50.13,51.07,6600,240,"Let me start by reading the payments README file to understand the data structure, then examine the payments data to find the unique merchants.
<function_calls>
<invoke name=""Code"">
<parameter name=""py"">
# Read the payments README file to understand the data structure
readme_path = '/home/mykola/repos/dabstep_test/data/context_files/data/context/payments-readme.md'
with open(readme_path, 'r') as f:
    readme_content = f.read()
print(""Payments README content:"")
print(readme_content)
</function_calls>
</function_calls>"
